ID,Problem,Difficulty,Pattern,Status,Time_Complexity,Space_Complexity
404,404_Introduction_to_DP,,,,,
405,405_Climbing_Stairs,,,,,
406,406_Frog_Jump,,,,,
407,407_Frog_Jump_with_K_Distance,,,,,
408,408_Maximum_Sum_of_Non_Adjacent_Elements,,,,,
409,409_House_Robber,,,,,
410,410_Ninjas_training,,,,,
411,411_Grid_Unique_Paths_DP_on_Grids_DP8,,,,,
412,412_Unique_paths_II,,,,,
413,413_Minimum_Falling_Path_Sum,,,,,
414,414_Triangle,,,,,
415,415_Ninja_and_his_Friends,,,,,
416,416_Subset_sum_equal_to_target_DP_14,,,,,
417,417_Partition_equal_subset_sum,,,,,
418,418_Partition_a_set_into_two_subsets_with_minimum_absolute_sum_difference,,,,,
419,419_Count_subsets_with_sum_K,,,,,
420,420_Count_partitions_with_given_difference,,,,,
421,421_Assign_Cookies_DP,,,,,
422,422_Minimum_Coins_DP_20,,,,,
423,423_Target_sum,,,,,
424,424_Coin_Change_2_DP_22,,,,,
425,425_Unbounded_knapsack,,,,,
426,426_Rod_Cutting_Problem_DP_24,,,,,
427,427_Longest_common_subsequence,,,,,
428,428_Print_Longest_Common_Subsequence_DP_26,,,,,
429,429_Longest_common_substring,,,,,
430,430_Longest_palindromic_subsequence,,,,,
431,431_Minimum_insertions_to_make_string_palindrome_DP_29,,,,,
432,432_Minimum_insertions_or_deletions_to_convert_string_A_to_B,,,,,
433,433_Shortest_common_supersequence,,,,,
434,434_Distinct_subsequences,,,,,
435,435_Edit_distance,,,,,
436,436_Wildcard_matching,,,,,
437,437_Best_time_to_buy_and_sell_stock,,,,,
438,438_Best_time_to_buy_and_sell_stock_II,,,,,
439,439_Best_time_to_buy_and_sell_stock_III,,,,,
440,440_Best_time_to_buy_and_sell_stock_IV,,,,,
441,441_Best_Time_to_Buy_and_Sell_Stock_with_Cooldown,,,,,
442,442_Best_time_to_buy_and_sell_stock_with_transaction_fees,,,,,
443,443_Longest_Increasing_Subsequence,,,,,
444,444_Print_Longest_Increasing_Subsequence,,,,,
445,445_Longest_Increasing_Subsequence_DP_43,,,,,
446,446_Largest_Divisible_Subset,,,,,
447,447_Longest_String_Chain,,,,,
448,448_Longest_Bitonic_Subsequence,,,,,
449,449_Number_of_Longest_Increasing_Subsequences,,,,,
450,450_Matrix_chain_multiplication,,,,,
451,451_Matrix_Chain_Multiplication_Bottom_UpDP_49,,,,,
452,452_Minimum_cost_to_cut_the_stick,,,,,
453,453_Burst_balloons,,,,,
454,454_Different_Ways_to_Evaluate_a_Boolean_Expression,,,,,
455,455_Palindrome_partitioning_II,,,,,
456,456_Partition_Array_for_Maximum_Sum,,,,,
457,457_Maximum_Rectangle_Area_with_all_1sDP_55,,,,,
458,458_Count_Square_Submatrices_with_All_OnesDP_56,,,,,
